timestamp,elapsed_s,distance_cm,label,nguoi,kichban,vat
2026-09-27T14:08:58.628,0.085,50.6,RETREATING,son3,roi_50ve200_cham,
2026-09-27T14:08:58.799,0.256,49.6,RETREATING,son3,roi_50ve200_cham,
2026-09-27T14:08:58.967,0.424,52.9,RETREATING,son3,roi_50ve200_cham,
2026-09-27T14:08:59.138,0.594,51.3,RETREATING,son3,roi_50ve200_cham,
2026-09-27T14:08:59.308,0.764,51.5,RETREATING,son3,roi_50ve200_cham,
2026-09-27T14:08:59.478,0.934,55.0,RETREATING,son3,roi_50ve200_cham,
2026-09-27T14:08:59.648,1.104,53.9,RETREATING,son3,roi_50ve200_cham,
2026-09-27T14:08:59.818,1.274,54.1,RETREATING,son3,roi_50ve200_cham,
2026-09-27T14:08:59.988,1.444,57.4,RETREATING,son3,roi_50ve200_cham,
2026-09-27T14:09:00.159,1.616,58.1,RETREATING,son3,roi_50ve200_cham,
2026-09-27T14:09:00.330,1.787,60.0,RETREATING,son3,roi_50ve200_cham,
2026-09-27T14:09:00.502,1.959,63.2,RETREATING,son3,roi_50ve200_cham,
2026-09-27T14:09:00.674,2.131,61.6,RETREATING,son3,roi_50ve200_cham,
2026-09-27T14:09:00.846,2.303,69.5,RETREATING,son3,roi_50ve200_cham,
2026-09-27T14:09:01.019,2.475,68.4,RETREATING,son3,roi_50ve200_cham,
2026-09-27T14:09:01.191,2.647,71.7,RETREATING,son3,roi_50ve200_cham,
2026-09-27T14:09:01.363,2.819,71.3,RETREATING,son3,roi_50ve200_cham,
2026-09-27T14:09:01.535,2.992,75.1,RETREATING,son3,roi_50ve200_cham,
2026-09-27T14:09:01.708,3.165,76.3,RETREATING,son3,roi_50ve200_cham,
2026-09-27T14:09:01.882,3.339,78.8,RETREATING,son3,roi_50ve200_cham,
2026-09-27T14:09:02.056,3.513,80.6,RETREATING,son3,roi_50ve200_cham,
2026-09-27T14:09:02.230,3.687,80.6,RETREATING,son3,roi_50ve200_cham,
2026-09-27T14:09:02.405,3.862,85.0,RETREATING,son3,roi_50ve200_cham,
2026-09-27T14:09:02.580,4.037,89.2,RETREATING,son3,roi_50ve200_cham,
2026-09-27T14:09:02.755,4.212,93.0,RETREATING,son3,roi_50ve200_cham,
2026-09-27T14:09:02.930,4.387,95.3,RETREATING,son3,roi_50ve200_cham,
2026-09-27T14:09:03.106,4.563,95.7,RETREATING,son3,roi_50ve200_cham,
2026-09-27T14:09:03.283,4.739,100.3,RETREATING,son3,roi_50ve200_cham,
2026-09-27T14:09:03.459,4.916,103.5,RETREATING,son3,roi_50ve200_cham,
2026-09-27T14:09:03.637,5.093,106.5,RETREATING,son3,roi_50ve200_cham,
2026-09-27T14:09:03.812,5.269,107.7,RETREATING,son3,roi_50ve200_cham,
2026-09-27T14:09:03.991,5.448,117.0,RETREATING,son3,roi_50ve200_cham,
2026-09-27T14:09:04.170,5.626,116.2,RETREATING,son3,roi_50ve200_cham,
2026-09-27T14:09:04.348,5.805,118.3,RETREATING,son3,roi_50ve200_cham,
2026-09-27T14:09:04.525,5.982,123.2,RETREATING,son3,roi_50ve200_cham,
2026-09-27T14:09:04.705,6.162,127.1,RETREATING,son3,roi_50ve200_cham,
2026-09-27T14:09:04.882,6.339,126.2,RETREATING,son3,roi_50ve200_cham,
2026-09-27T14:09:05.061,6.518,129.2,RETREATING,son3,roi_50ve200_cham,
2026-09-27T14:09:05.241,6.698,132.6,RETREATING,son3,roi_50ve200_cham,
2026-09-27T14:09:05.422,6.879,139.0,RETREATING,son3,roi_50ve200_cham,
2026-09-27T14:09:05.603,7.06,140.4,RETREATING,son3,roi_50ve200_cham,
2026-09-27T14:09:05.782,7.239,142.1,RETREATING,son3,roi_50ve200_cham,
2026-09-27T14:09:05.965,7.422,145.1,RETREATING,son3,roi_50ve200_cham,
2026-09-27T14:09:06.147,7.604,150.4,RETREATING,son3,roi_50ve200_cham,
2026-09-27T14:09:06.327,7.784,151.5,RETREATING,son3,roi_50ve200_cham,
2026-09-27T14:09:06.510,7.967,151.0,RETREATING,son3,roi_50ve200_cham,
2026-09-27T14:09:06.693,8.15,156.9,RETREATING,son3,roi_50ve200_cham,
2026-09-27T14:09:06.876,8.333,161.9,RETREATING,son3,roi_50ve200_cham,
2026-09-27T14:09:07.060,8.517,164.8,RETREATING,son3,roi_50ve200_cham,
2026-09-27T14:09:07.242,8.699,165.3,RETREATING,son3,roi_50ve200_cham,
2026-09-27T14:09:07.426,8.883,166.8,RETREATING,son3,roi_50ve200_cham,
2026-09-27T14:09:07.611,9.068,171.5,RETREATING,son3,roi_50ve200_cham,
2026-09-27T14:09:07.796,9.253,174.3,RETREATING,son3,roi_50ve200_cham,
2026-09-27T14:09:07.985,9.442,273.8,RETREATING,son3,roi_50ve200_cham,
2026-09-27T14:09:08.169,9.626,179.3,RETREATING,son3,roi_50ve200_cham,
2026-09-27T14:09:08.355,9.811,181.2,RETREATING,son3,roi_50ve200_cham,
2026-09-27T14:09:08.541,9.997,194.2,RETREATING,son3,roi_50ve200_cham,
2026-09-27T14:09:08.727,10.184,189.4,RETREATING,son3,roi_50ve200_cham,
2026-09-27T14:09:08.914,10.37,188.7,RETREATING,son3,roi_50ve200_cham,
2026-09-27T14:09:09.100,10.556,195.2,RETREATING,son3,roi_50ve200_cham,
2026-09-27T14:09:09.287,10.744,196.9,RETREATING,son3,roi_50ve200_cham,
2026-09-27T14:09:09.473,10.93,198.1,RETREATING,son3,roi_50ve200_cham,
2026-09-27T14:09:09.661,11.118,200.6,RETREATING,son3,roi_50ve200_cham,
2026-09-27T14:09:09.850,11.306,203.0,RETREATING,son3,roi_50ve200_cham,
2026-09-27T14:09:10.038,11.495,202.3,RETREATING,son3,roi_50ve200_cham,
2026-09-27T14:09:10.226,11.683,206.8,RETREATING,son3,roi_50ve200_cham,
2026-09-27T14:09:10.418,11.875,208.8,RETREATING,son3,roi_50ve200_cham,
2026-09-27T14:09:10.607,12.064,210.1,RETREATING,son3,roi_50ve200_cham,
2026-09-27T14:09:10.796,12.253,214.6,RETREATING,son3,roi_50ve200_cham,
2026-09-27T14:09:10.987,12.444,213.8,RETREATING,son3,roi_50ve200_cham,
2026-09-27T14:09:11.181,12.638,262.2,RETREATING,son3,roi_50ve200_cham,
2026-09-27T14:09:11.371,12.827,215.0,RETREATING,son3,roi_50ve200_cham,
2026-09-27T14:09:11.560,13.016,214.6,RETREATING,son3,roi_50ve200_cham,
2026-09-27T14:09:11.747,13.204,214.5,RETREATING,son3,roi_50ve200_cham,
2026-09-27T14:09:11.945,13.401,273.4,RETREATING,son3,roi_50ve200_cham,
2026-09-27T14:09:12.132,13.589,213.9,RETREATING,son3,roi_50ve200_cham,
2026-09-27T14:09:12.322,13.779,212.9,RETREATING,son3,roi_50ve200_cham,
2026-09-27T14:09:12.512,13.968,212.8,RETREATING,son3,roi_50ve200_cham,
2026-09-27T14:09:12.703,14.159,213.6,RETREATING,son3,roi_50ve200_cham,
2026-09-27T14:09:12.890,14.347,212.4,RETREATING,son3,roi_50ve200_cham,
2026-09-27T14:09:13.079,14.536,213.1,RETREATING,son3,roi_50ve200_cham,
2026-09-27T14:09:13.268,14.725,212.1,RETREATING,son3,roi_50ve200_cham,
2026-09-27T14:09:13.457,14.914,212.1,RETREATING,son3,roi_50ve200_cham,
2026-09-27T14:09:13.646,15.103,212.7,RETREATING,son3,roi_50ve200_cham,
2026-09-27T14:09:13.835,15.292,213.2,RETREATING,son3,roi_50ve200_cham,
2026-09-27T14:09:14.024,15.481,213.0,RETREATING,son3,roi_50ve200_cham,
2026-09-27T14:09:14.217,15.674,274.2,RETREATING,son3,roi_50ve200_cham,
2026-09-27T14:09:14.406,15.863,213.2,RETREATING,son3,roi_50ve200_cham,
