timestamp,elapsed_s,left_cm,right_cm,label,nguoi,kichban,vat
2026-09-27T14:17:13.717,0.087,49.2,50.3,SAFE,son,vatnho_50,chai nuoc
2026-09-27T14:17:13.887,0.257,49.2,50.6,SAFE,son,vatnho_50,chai nuoc
2026-09-27T14:17:14.057,0.427,49.2,50.3,SAFE,son,vatnho_50,chai nuoc
2026-09-27T14:17:14.227,0.597,49.2,50.3,SAFE,son,vatnho_50,chai nuoc
2026-09-27T14:17:14.398,0.768,49.2,50.3,SAFE,son,vatnho_50,chai nuoc
2026-09-27T14:17:14.567,0.937,48.8,50.8,SAFE,son,vatnho_50,chai nuoc
2026-09-27T14:17:14.737,1.107,50.2,50.8,SAFE,son,vatnho_50,chai nuoc
2026-09-27T14:17:14.907,1.277,49.8,50.8,SAFE,son,vatnho_50,chai nuoc
2026-09-27T14:17:15.077,1.447,50.2,50.8,SAFE,son,vatnho_50,chai nuoc
2026-09-27T14:17:15.247,1.617,49.8,50.8,SAFE,son,vatnho_50,chai nuoc
2026-09-27T14:17:15.417,1.787,49.8,50.8,SAFE,son,vatnho_50,chai nuoc
2026-09-27T14:17:15.587,1.957,49.8,50.8,SAFE,son,vatnho_50,chai nuoc
2026-09-27T14:17:15.757,2.127,49.4,50.5,SAFE,son,vatnho_50,chai nuoc
2026-09-27T14:17:15.927,2.297,49.8,50.8,SAFE,son,vatnho_50,chai nuoc
2026-09-27T14:17:16.097,2.467,50.6,50.8,SAFE,son,vatnho_50,chai nuoc
2026-09-27T14:17:16.267,2.637,50.2,50.8,SAFE,son,vatnho_50,chai nuoc
2026-09-27T14:17:16.437,2.807,49.8,50.8,SAFE,son,vatnho_50,chai nuoc
2026-09-27T14:17:16.607,2.977,49.4,50.8,SAFE,son,vatnho_50,chai nuoc
2026-09-27T14:17:16.777,3.147,49.8,50.8,SAFE,son,vatnho_50,chai nuoc
2026-09-27T14:17:16.947,3.317,50.2,50.8,SAFE,son,vatnho_50,chai nuoc
2026-09-27T14:17:17.117,3.487,49.4,50.8,SAFE,son,vatnho_50,chai nuoc
2026-09-27T14:17:17.287,3.657,49.8,50.8,SAFE,son,vatnho_50,chai nuoc
2026-09-27T14:17:17.457,3.827,50.2,50.8,SAFE,son,vatnho_50,chai nuoc
2026-09-27T14:17:17.627,3.997,49.4,50.5,SAFE,son,vatnho_50,chai nuoc
2026-09-27T14:17:17.797,4.167,49.8,50.8,SAFE,son,vatnho_50,chai nuoc
2026-09-27T14:17:17.967,4.337,49.4,50.8,SAFE,son,vatnho_50,chai nuoc
2026-09-27T14:17:18.137,4.507,49.2,51.2,SAFE,son,vatnho_50,chai nuoc
2026-09-27T14:17:18.307,4.677,48.8,51.2,SAFE,son,vatnho_50,chai nuoc
2026-09-27T14:17:18.477,4.847,48.8,51.2,SAFE,son,vatnho_50,chai nuoc
2026-09-27T14:17:18.647,5.017,49.6,50.6,SAFE,son,vatnho_50,chai nuoc
2026-09-27T14:17:18.817,5.187,49.6,50.6,SAFE,son,vatnho_50,chai nuoc
2026-09-27T14:17:18.987,5.357,49.2,50.6,SAFE,son,vatnho_50,chai nuoc
2026-09-27T14:17:19.157,5.527,49.6,51.2,SAFE,son,vatnho_50,chai nuoc
2026-09-27T14:17:19.327,5.697,49.2,51.2,SAFE,son,vatnho_50,chai nuoc
2026-09-27T14:17:19.497,5.867,49.2,51.2,SAFE,son,vatnho_50,chai nuoc
2026-09-27T14:17:19.667,6.037,50.0,50.6,SAFE,son,vatnho_50,chai nuoc
2026-09-27T14:17:19.837,6.207,49.2,51.7,SAFE,son,vatnho_50,chai nuoc
2026-09-27T14:17:20.007,6.377,50.2,51.7,SAFE,son,vatnho_50,chai nuoc
2026-09-27T14:17:20.177,6.547,50.2,51.7,SAFE,son,vatnho_50,chai nuoc
2026-09-27T14:17:20.347,6.717,49.2,51.7,SAFE,son,vatnho_50,chai nuoc
2026-09-27T14:17:20.518,6.888,50.6,51.2,SAFE,son,vatnho_50,chai nuoc
2026-09-27T14:17:20.688,7.058,49.6,50.8,SAFE,son,vatnho_50,chai nuoc
2026-09-27T14:17:20.858,7.228,50.2,51.0,SAFE,son,vatnho_50,chai nuoc
2026-09-27T14:17:21.028,7.398,50.6,51.3,SAFE,son,vatnho_50,chai nuoc
2026-09-27T14:17:21.198,7.568,48.8,51.7,SAFE,son,vatnho_50,chai nuoc
2026-09-27T14:17:21.367,7.737,49.2,50.8,SAFE,son,vatnho_50,chai nuoc
2026-09-27T14:17:21.537,7.907,50.0,51.2,SAFE,son,vatnho_50,chai nuoc
2026-09-27T14:17:21.707,8.077,49.2,51.2,SAFE,son,vatnho_50,chai nuoc
2026-09-27T14:17:21.877,8.247,49.2,51.7,SAFE,son,vatnho_50,chai nuoc
2026-09-27T14:17:22.047,8.417,49.2,51.2,SAFE,son,vatnho_50,chai nuoc
2026-09-27T14:17:22.217,8.587,50.4,51.5,SAFE,son,vatnho_50,chai nuoc
2026-09-27T14:17:22.387,8.757,50.8,51.5,SAFE,son,vatnho_50,chai nuoc
2026-09-27T14:17:22.557,8.927,50.4,51.5,SAFE,son,vatnho_50,chai nuoc
2026-09-27T14:17:22.727,9.097,50.4,50.6,SAFE,son,vatnho_50,chai nuoc
2026-09-27T14:17:22.897,9.267,49.0,50.6,SAFE,son,vatnho_50,chai nuoc
2026-09-27T14:17:23.067,9.437,49.2,51.5,SAFE,son,vatnho_50,chai nuoc
2026-09-27T14:17:23.237,9.607,49.0,51.0,SAFE,son,vatnho_50,chai nuoc
2026-09-27T14:17:23.407,9.777,49.0,50.5,SAFE,son,vatnho_50,chai nuoc
2026-09-27T14:17:23.577,9.947,49.0,51.5,SAFE,son,vatnho_50,chai nuoc
2026-09-27T14:17:23.747,10.117,49.0,51.5,SAFE,son,vatnho_50,chai nuoc
2026-09-27T14:17:23.917,10.287,50.4,51.5,SAFE,son,vatnho_50,chai nuoc
2026-09-27T14:17:24.087,10.457,49.0,51.0,SAFE,son,vatnho_50,chai nuoc
2026-09-27T14:17:24.257,10.627,49.0,51.5,SAFE,son,vatnho_50,chai nuoc
2026-09-27T14:17:24.427,10.797,49.0,51.0,SAFE,son,vatnho_50,chai nuoc
2026-09-27T14:17:24.597,10.967,49.0,51.0,SAFE,son,vatnho_50,chai nuoc
2026-09-27T14:17:24.767,11.137,49.0,51.5,SAFE,son,vatnho_50,chai nuoc
2026-09-27T14:17:24.937,11.307,48.6,51.5,SAFE,son,vatnho_50,chai nuoc
2026-09-27T14:17:25.107,11.477,49.6,51.2,SAFE,son,vatnho_50,chai nuoc
2026-09-27T14:17:25.277,11.647,50.4,51.2,SAFE,son,vatnho_50,chai nuoc
2026-09-27T14:17:25.447,11.817,50.0,51.2,SAFE,son,vatnho_50,chai nuoc
2026-09-27T14:17:25.617,11.987,50.4,51.2,SAFE,son,vatnho_50,chai nuoc
2026-09-27T14:17:25.787,12.157,49.0,50.6,SAFE,son,vatnho_50,chai nuoc
2026-09-27T14:17:25.957,12.327,49.0,50.6,SAFE,son,vatnho_50,chai nuoc
2026-09-27T14:17:26.127,12.497,48.6,50.6,SAFE,son,vatnho_50,chai nuoc
2026-09-27T14:17:26.297,12.667,48.6,50.6,SAFE,son,vatnho_50,chai nuoc
2026-09-27T14:17:26.467,12.837,48.6,51.0,SAFE,son,vatnho_50,chai nuoc
2026-09-27T14:17:26.637,13.007,49.4,51.0,SAFE,son,vatnho_50,chai nuoc
2026-09-27T14:17:26.807,13.177,49.4,50.5,SAFE,son,vatnho_50,chai nuoc
2026-09-27T14:17:26.977,13.347,49.8,50.5,SAFE,son,vatnho_50,chai nuoc
2026-09-27T14:17:27.147,13.517,48.8,50.5,SAFE,son,vatnho_50,chai nuoc
2026-09-27T14:17:27.317,13.687,48.4,50.5,SAFE,son,vatnho_50,chai nuoc
2026-09-27T14:17:27.487,13.857,48.4,50.5,SAFE,son,vatnho_50,chai nuoc
2026-09-27T14:17:27.657,14.027,48.8,50.3,SAFE,son,vatnho_50,chai nuoc
2026-09-27T14:17:27.827,14.197,49.2,50.3,SAFE,son,vatnho_50,chai nuoc
2026-09-27T14:17:27.997,14.367,49.6,50.5,SAFE,son,vatnho_50,chai nuoc
2026-09-27T14:17:28.167,14.537,48.4,50.5,SAFE,son,vatnho_50,chai nuoc
2026-09-27T14:17:28.337,14.707,48.8,50.8,SAFE,son,vatnho_50,chai nuoc
2026-09-27T14:17:28.507,14.877,49.6,50.3,SAFE,son,vatnho_50,chai nuoc
2026-09-27T14:17:28.677,15.047,48.2,50.3,SAFE,son,vatnho_50,chai nuoc
2026-09-27T14:17:28.847,15.217,49.6,50.5,SAFE,son,vatnho_50,chai nuoc
2026-09-27T14:17:29.017,15.387,48.8,50.8,SAFE,son,vatnho_50,chai nuoc
2026-09-27T14:17:29.187,15.557,48.6,50.3,SAFE,son,vatnho_50,chai nuoc
2026-09-27T14:17:29.357,15.727,48.2,50.3,SAFE,son,vatnho_50,chai nuoc
2026-09-27T14:17:29.527,15.897,48.8,50.8,SAFE,son,vatnho_50,chai nuoc
2026-09-27T14:17:29.698,16.068,49.2,50.3,SAFE,son,vatnho_50,chai nuoc
2026-09-27T14:17:29.868,16.238,48.6,50.3,SAFE,son,vatnho_50,chai nuoc
2026-09-27T14:17:30.038,16.408,48.2,50.3,SAFE,son,vatnho_50,chai nuoc
2026-09-27T14:17:30.208,16.578,48.2,50.3,SAFE,son,vatnho_50,chai nuoc
2026-09-27T14:17:30.378,16.748,48.6,50.3,SAFE,son,vatnho_50,chai nuoc
2026-09-27T14:17:30.547,16.917,49.2,49.9,SAFE,son,vatnho_50,chai nuoc
2026-09-27T14:17:30.717,17.087,49.6,50.3,SAFE,son,vatnho_50,chai nuoc
2026-09-27T14:17:30.887,17.257,48.2,50.3,SAFE,son,vatnho_50,chai nuoc
2026-09-27T14:17:31.057,17.427,49.6,50.8,SAFE,son,vatnho_50,chai nuoc
