source_file,rows_before,duplicates_removed,rows_after,original_labels,train_labels
son2_roi_30ve150_cham_RETREATING.csv,97,0,97,RETREATING,SAFE
son2_roi_50ve200_cham_RETREATING.csv,106,0,106,RETREATING,SAFE
son2_tien_200ve100_cham_APPROACHING.csv,88,0,88,APPROACHING,APPROACHING
son3_roi_30ve150_cham_RETREATING.csv,91,0,91,RETREATING,SAFE
son3_roi_50ve200_cham_RETREATING.csv,88,0,88,RETREATING,SAFE
son3_tien_200ve100_cham_APPROACHING.csv,79,0,79,APPROACHING,APPROACHING
son_dungyen_150_SAFE.csv,151,0,151,SAFE,SAFE
son_dungyen_200_SAFE.csv,151,0,151,SAFE,SAFE
son_dungyen_20_DANGER.csv,120,1,119,DANGER,EMERGENCY
son_dungyen_30_DANGER.csv,136,0,136,DANGER,EMERGENCY
son_ghe_30_DANGER.csv,159,0,159,DANGER,EMERGENCY
son_roi_30ve150_cham_RETREATING.csv,109,0,109,RETREATING,SAFE
son_roi_50ve200_cham_RETREATING.csv,107,0,107,RETREATING,SAFE
son_tien_200ve100_cham_APPROACHING.csv,98,1,97,APPROACHING,APPROACHING
son_trong_EMPTY.csv,102,0,102,EMPTY,SAFE
son_vatnho_100_SAFE.csv,91,0,91,SAFE,SAFE
son_vatnho_50_SAFE.csv,103,0,103,SAFE,SAFE
