timestamp,elapsed_s,left_cm,right_cm,label,nguoi,kichban,vat
2026-09-27T13:41:53.654,0.094,214.8,207.0,APPROACHING,son3,tien_200ve100_cham,
2026-09-27T13:41:53.845,0.285,243.0,210.6,APPROACHING,son3,tien_200ve100_cham,
2026-09-27T13:41:54.033,0.473,210.1,213.2,APPROACHING,son3,tien_200ve100_cham,
2026-09-27T13:41:54.224,0.664,205.9,274.3,APPROACHING,son3,tien_200ve100_cham,
2026-09-27T13:41:54.414,0.854,213.9,219.0,APPROACHING,son3,tien_200ve100_cham,
2026-09-27T13:41:54.605,1.045,243.7,215.9,APPROACHING,son3,tien_200ve100_cham,
2026-09-27T13:41:54.794,1.234,207.2,208.3,APPROACHING,son3,tien_200ve100_cham,
2026-09-27T13:41:54.980,1.42,209.2,209.4,APPROACHING,son3,tien_200ve100_cham,
2026-09-27T13:41:55.168,1.609,207.5,206.5,APPROACHING,son3,tien_200ve100_cham,
2026-09-27T13:41:55.374,1.815,,209.8,APPROACHING,son3,tien_200ve100_cham,
2026-09-27T13:41:55.560,2.001,203.1,206.4,APPROACHING,son3,tien_200ve100_cham,
2026-09-27T13:41:55.752,2.192,205.9,273.0,APPROACHING,son3,tien_200ve100_cham,
2026-09-27T13:41:55.941,2.381,199.9,200.0,APPROACHING,son3,tien_200ve100_cham,
2026-09-27T13:41:56.127,2.568,195.6,199.9,APPROACHING,son3,tien_200ve100_cham,
2026-09-27T13:41:56.320,2.76,200.1,273.8,APPROACHING,son3,tien_200ve100_cham,
2026-09-27T13:41:56.507,2.947,193.7,193.5,APPROACHING,son3,tien_200ve100_cham,
2026-09-27T13:41:56.692,3.132,188.7,187.7,APPROACHING,son3,tien_200ve100_cham,
2026-09-27T13:41:56.877,3.318,187.7,192.4,APPROACHING,son3,tien_200ve100_cham,
2026-09-27T13:41:57.063,3.503,189.4,184.7,APPROACHING,son3,tien_200ve100_cham,
2026-09-27T13:41:57.249,3.689,184.8,184.1,APPROACHING,son3,tien_200ve100_cham,
2026-09-27T13:41:57.435,3.875,182.8,187.3,APPROACHING,son3,tien_200ve100_cham,
2026-09-27T13:41:57.626,4.066,181.7,274.7,APPROACHING,son3,tien_200ve100_cham,
2026-09-27T13:41:57.811,4.252,179.4,181.4,APPROACHING,son3,tien_200ve100_cham,
2026-09-27T13:41:57.997,4.437,173.1,175.1,APPROACHING,son3,tien_200ve100_cham,
2026-09-27T13:41:58.181,4.622,214.7,176.3,APPROACHING,son3,tien_200ve100_cham,
2026-09-27T13:41:58.365,4.805,176.9,172.4,APPROACHING,son3,tien_200ve100_cham,
2026-09-27T13:41:58.549,4.989,172.6,170.8,APPROACHING,son3,tien_200ve100_cham,
2026-09-27T13:41:58.734,5.174,171.3,167.1,APPROACHING,son3,tien_200ve100_cham,
2026-09-27T13:41:58.918,5.358,170.8,172.3,APPROACHING,son3,tien_200ve100_cham,
2026-09-27T13:41:59.100,5.54,164.2,165.1,APPROACHING,son3,tien_200ve100_cham,
2026-09-27T13:41:59.283,5.723,163.5,160.4,APPROACHING,son3,tien_200ve100_cham,
2026-09-27T13:41:59.466,5.906,159.1,161.0,APPROACHING,son3,tien_200ve100_cham,
2026-09-27T13:41:59.650,6.09,165.4,162.9,APPROACHING,son3,tien_200ve100_cham,
2026-09-27T13:41:59.833,6.273,163.4,161.8,APPROACHING,son3,tien_200ve100_cham,
2026-09-27T13:42:00.015,6.456,161.6,158.3,APPROACHING,son3,tien_200ve100_cham,
2026-09-27T13:42:00.197,6.638,155.2,158.8,APPROACHING,son3,tien_200ve100_cham,
2026-09-27T13:42:00.399,6.84,,150.8,APPROACHING,son3,tien_200ve100_cham,
2026-09-27T13:42:00.581,7.021,150.9,154.1,APPROACHING,son3,tien_200ve100_cham,
2026-09-27T13:42:00.762,7.203,149.6,144.0,APPROACHING,son3,tien_200ve100_cham,
2026-09-27T13:42:00.945,7.385,143.9,150.5,APPROACHING,son3,tien_200ve100_cham,
2026-09-27T13:42:01.123,7.564,145.1,143.4,APPROACHING,son3,tien_200ve100_cham,
2026-09-27T13:42:01.304,7.745,145.1,142.4,APPROACHING,son3,tien_200ve100_cham,
2026-09-27T13:42:01.485,7.925,138.2,137.4,APPROACHING,son3,tien_200ve100_cham,
2026-09-27T13:42:01.666,8.106,138.1,139.1,APPROACHING,son3,tien_200ve100_cham,
2026-09-27T13:42:01.844,8.284,133.6,134.1,APPROACHING,son3,tien_200ve100_cham,
2026-09-27T13:42:02.024,8.464,129.9,131.0,APPROACHING,son3,tien_200ve100_cham,
2026-09-27T13:42:02.202,8.643,127.4,127.2,APPROACHING,son3,tien_200ve100_cham,
2026-09-27T13:42:02.381,8.822,126.7,124.8,APPROACHING,son3,tien_200ve100_cham,
2026-09-27T13:42:02.559,9.0,127.1,127.0,APPROACHING,son3,tien_200ve100_cham,
2026-09-27T13:42:02.739,9.179,123.7,125.5,APPROACHING,son3,tien_200ve100_cham,
2026-09-27T13:42:02.917,9.357,122.2,123.7,APPROACHING,son3,tien_200ve100_cham,
2026-09-27T13:42:03.096,9.536,119.9,117.6,APPROACHING,son3,tien_200ve100_cham,
2026-09-27T13:42:03.272,9.712,120.5,111.6,APPROACHING,son3,tien_200ve100_cham,
2026-09-27T13:42:03.450,9.89,114.8,112.3,APPROACHING,son3,tien_200ve100_cham,
2026-09-27T13:42:03.627,10.067,110.8,110.5,APPROACHING,son3,tien_200ve100_cham,
2026-09-27T13:42:03.804,10.244,106.9,107.1,APPROACHING,son3,tien_200ve100_cham,
2026-09-27T13:42:03.981,10.421,106.1,104.3,APPROACHING,son3,tien_200ve100_cham,
2026-09-27T13:42:04.155,10.595,105.4,100.3,APPROACHING,son3,tien_200ve100_cham,
2026-09-27T13:42:04.331,10.771,99.5,97.8,APPROACHING,son3,tien_200ve100_cham,
2026-09-27T13:42:04.507,10.947,99.0,98.4,APPROACHING,son3,tien_200ve100_cham,
2026-09-27T13:42:04.683,11.123,100.5,96.8,APPROACHING,son3,tien_200ve100_cham,
2026-09-27T13:42:04.859,11.3,96.3,102.9,APPROACHING,son3,tien_200ve100_cham,
2026-09-27T13:42:05.034,11.474,95.2,99.6,APPROACHING,son3,tien_200ve100_cham,
2026-09-27T13:42:05.208,11.649,93.6,95.3,APPROACHING,son3,tien_200ve100_cham,
2026-09-27T13:42:05.384,11.824,93.5,93.8,APPROACHING,son3,tien_200ve100_cham,
2026-09-27T13:42:05.584,12.024,94.5,94.1,APPROACHING,son3,tien_200ve100_cham,
2026-09-27T13:42:05.734,12.175,93.3,95.0,APPROACHING,son3,tien_200ve100_cham,
2026-09-27T13:42:05.925,12.365,93.3,93.7,APPROACHING,son3,tien_200ve100_cham,
2026-09-27T13:42:06.084,12.525,93.3,94.9,APPROACHING,son3,tien_200ve100_cham,
2026-09-27T13:42:06.261,12.701,93.7,103.9,APPROACHING,son3,tien_200ve100_cham,
2026-09-27T13:42:06.434,12.874,93.7,95.4,APPROACHING,son3,tien_200ve100_cham,
2026-09-27T13:42:06.608,13.049,93.9,93.9,APPROACHING,son3,tien_200ve100_cham,
2026-09-27T13:42:06.783,13.224,93.6,94.4,APPROACHING,son3,tien_200ve100_cham,
2026-09-27T13:42:06.958,13.399,93.7,95.0,APPROACHING,son3,tien_200ve100_cham,
2026-09-27T13:42:07.133,13.574,93.8,95.5,APPROACHING,son3,tien_200ve100_cham,
2026-09-27T13:42:07.308,13.749,94.3,93.9,APPROACHING,son3,tien_200ve100_cham,
2026-09-27T13:42:07.483,13.924,93.9,94.3,APPROACHING,son3,tien_200ve100_cham,
2026-09-27T13:42:07.659,14.099,94.8,97.1,APPROACHING,son3,tien_200ve100_cham,
2026-09-27T13:42:07.833,14.274,93.7,96.3,APPROACHING,son3,tien_200ve100_cham,
2026-09-27T13:42:08.009,14.449,94.7,94.8,APPROACHING,son3,tien_200ve100_cham,
2026-09-27T13:42:08.183,14.624,94.1,95.9,APPROACHING,son3,tien_200ve100_cham,
