source_file,timestamp,elapsed_s,distance_cm,original_label,label,nguoi,kichban,vat
son_dungyen_20_DANGER.csv,2026-09-27T13:52:18.726,0.042,21.9,DANGER,EMERGENCY,son,dungyen_20,
son_dungyen_20_DANGER.csv,2026-09-27T13:52:18.892,0.207,21.9,DANGER,EMERGENCY,son,dungyen_20,
son_dungyen_20_DANGER.csv,2026-09-27T13:52:19.058,0.374,21.9,DANGER,EMERGENCY,son,dungyen_20,
son_dungyen_20_DANGER.csv,2026-09-27T13:52:19.224,0.539,21.9,DANGER,EMERGENCY,son,dungyen_20,
son_dungyen_20_DANGER.csv,2026-09-27T13:52:19.390,0.705,21.9,DANGER,EMERGENCY,son,dungyen_20,
son_dungyen_20_DANGER.csv,2026-09-27T13:52:19.556,0.871,22.2,DANGER,EMERGENCY,son,dungyen_20,
son_dungyen_20_DANGER.csv,2026-09-27T13:52:19.722,1.037,20.9,DANGER,EMERGENCY,son,dungyen_20,
son_dungyen_20_DANGER.csv,2026-09-27T13:52:19.888,1.203,20.9,DANGER,EMERGENCY,son,dungyen_20,
son_dungyen_20_DANGER.csv,2026-09-27T13:52:20.054,1.369,20.9,DANGER,EMERGENCY,son,dungyen_20,
son_dungyen_20_DANGER.csv,2026-09-27T13:52:20.220,1.535,22.5,DANGER,EMERGENCY,son,dungyen_20,
son_dungyen_20_DANGER.csv,2026-09-27T13:52:20.386,1.701,21.2,DANGER,EMERGENCY,son,dungyen_20,
son_dungyen_20_DANGER.csv,2026-09-27T13:52:20.552,1.867,22.5,DANGER,EMERGENCY,son,dungyen_20,
son_dungyen_20_DANGER.csv,2026-09-27T13:52:20.718,2.033,21.2,DANGER,EMERGENCY,son,dungyen_20,
son_dungyen_20_DANGER.csv,2026-09-27T13:52:20.884,2.199,22.5,DANGER,EMERGENCY,son,dungyen_20,
son_dungyen_20_DANGER.csv,2026-09-27T13:52:21.050,2.365,20.9,DANGER,EMERGENCY,son,dungyen_20,
son_dungyen_20_DANGER.csv,2026-09-27T13:52:21.216,2.531,22.2,DANGER,EMERGENCY,son,dungyen_20,
son_dungyen_20_DANGER.csv,2026-09-27T13:52:21.382,2.697,22.2,DANGER,EMERGENCY,son,dungyen_20,
son_dungyen_20_DANGER.csv,2026-09-27T13:52:21.548,2.863,20.6,DANGER,EMERGENCY,son,dungyen_20,
son_dungyen_20_DANGER.csv,2026-09-27T13:52:21.714,3.029,21.9,DANGER,EMERGENCY,son,dungyen_20,
son_dungyen_20_DANGER.csv,2026-09-27T13:52:21.880,3.196,21.9,DANGER,EMERGENCY,son,dungyen_20,
son_dungyen_20_DANGER.csv,2026-09-27T13:52:22.046,3.362,21.9,DANGER,EMERGENCY,son,dungyen_20,
son_dungyen_20_DANGER.csv,2026-09-27T13:52:22.212,3.528,21.9,DANGER,EMERGENCY,son,dungyen_20,
son_dungyen_20_DANGER.csv,2026-09-27T13:52:22.378,3.694,21.9,DANGER,EMERGENCY,son,dungyen_20,
son_dungyen_20_DANGER.csv,2026-09-27T13:52:22.544,3.86,21.9,DANGER,EMERGENCY,son,dungyen_20,
son_dungyen_20_DANGER.csv,2026-09-27T13:52:22.710,4.026,23.2,DANGER,EMERGENCY,son,dungyen_20,
son_dungyen_20_DANGER.csv,2026-09-27T13:52:22.876,4.191,21.6,DANGER,EMERGENCY,son,dungyen_20,
son_dungyen_20_DANGER.csv,2026-09-27T13:52:23.042,4.357,21.6,DANGER,EMERGENCY,son,dungyen_20,
son_dungyen_20_DANGER.csv,2026-09-27T13:52:23.208,4.523,21.2,DANGER,EMERGENCY,son,dungyen_20,
son_dungyen_20_DANGER.csv,2026-09-27T13:52:23.374,4.689,21.2,DANGER,EMERGENCY,son,dungyen_20,
son_dungyen_20_DANGER.csv,2026-09-27T13:52:23.540,4.855,23.4,DANGER,EMERGENCY,son,dungyen_20,
son_dungyen_20_DANGER.csv,2026-09-27T13:52:23.706,5.021,20.9,DANGER,EMERGENCY,son,dungyen_20,
son_dungyen_20_DANGER.csv,2026-09-27T13:52:23.872,5.187,20.9,DANGER,EMERGENCY,son,dungyen_20,
son_dungyen_20_DANGER.csv,2026-09-27T13:52:24.038,5.353,22.2,DANGER,EMERGENCY,son,dungyen_20,
son_dungyen_20_DANGER.csv,2026-09-27T13:52:24.204,5.519,22.2,DANGER,EMERGENCY,son,dungyen_20,
son_dungyen_20_DANGER.csv,2026-09-27T13:52:24.370,5.686,22.2,DANGER,EMERGENCY,son,dungyen_20,
son_dungyen_20_DANGER.csv,2026-09-27T13:52:24.536,5.851,21.9,DANGER,EMERGENCY,son,dungyen_20,
son_dungyen_20_DANGER.csv,2026-09-27T13:52:24.702,6.017,21.9,DANGER,EMERGENCY,son,dungyen_20,
son_dungyen_20_DANGER.csv,2026-09-27T13:52:24.868,6.183,21.9,DANGER,EMERGENCY,son,dungyen_20,
son_dungyen_20_DANGER.csv,2026-09-27T13:52:25.034,6.349,21.9,DANGER,EMERGENCY,son,dungyen_20,
son_dungyen_20_DANGER.csv,2026-09-27T13:52:25.200,6.515,21.9,DANGER,EMERGENCY,son,dungyen_20,
son_dungyen_20_DANGER.csv,2026-09-27T13:52:25.366,6.681,21.9,DANGER,EMERGENCY,son,dungyen_20,
son_dungyen_20_DANGER.csv,2026-09-27T13:52:25.532,6.847,21.9,DANGER,EMERGENCY,son,dungyen_20,
son_dungyen_20_DANGER.csv,2026-09-27T13:52:25.698,7.013,21.9,DANGER,EMERGENCY,son,dungyen_20,
son_dungyen_20_DANGER.csv,2026-09-27T13:52:25.864,7.18,21.9,DANGER,EMERGENCY,son,dungyen_20,
son_dungyen_20_DANGER.csv,2026-09-27T13:52:26.030,7.346,24.0,DANGER,EMERGENCY,son,dungyen_20,
son_dungyen_20_DANGER.csv,2026-09-27T13:52:26.196,7.512,24.0,DANGER,EMERGENCY,son,dungyen_20,
son_dungyen_20_DANGER.csv,2026-09-27T13:52:26.362,7.678,21.5,DANGER,EMERGENCY,son,dungyen_20,
son_dungyen_20_DANGER.csv,2026-09-27T13:52:26.528,7.844,22.8,DANGER,EMERGENCY,son,dungyen_20,
son_dungyen_20_DANGER.csv,2026-09-27T13:52:26.695,8.011,21.2,DANGER,EMERGENCY,son,dungyen_20,
son_dungyen_20_DANGER.csv,2026-09-27T13:52:26.862,8.178,22.5,DANGER,EMERGENCY,son,dungyen_20,
son_dungyen_20_DANGER.csv,2026-09-27T13:52:27.028,8.344,22.5,DANGER,EMERGENCY,son,dungyen_20,
son_dungyen_20_DANGER.csv,2026-09-27T13:52:27.194,8.51,22.5,DANGER,EMERGENCY,son,dungyen_20,
son_dungyen_20_DANGER.csv,2026-09-27T13:52:27.361,8.677,22.5,DANGER,EMERGENCY,son,dungyen_20,
son_dungyen_20_DANGER.csv,2026-09-27T13:52:27.528,8.844,22.5,DANGER,EMERGENCY,son,dungyen_20,
son_dungyen_20_DANGER.csv,2026-09-27T13:52:27.693,9.009,22.5,DANGER,EMERGENCY,son,dungyen_20,
son_dungyen_20_DANGER.csv,2026-09-27T13:52:27.860,9.176,21.5,DANGER,EMERGENCY,son,dungyen_20,
son_dungyen_20_DANGER.csv,2026-09-27T13:52:28.027,9.342,21.5,DANGER,EMERGENCY,son,dungyen_20,
son_dungyen_20_DANGER.csv,2026-09-27T13:52:28.193,9.509,24.0,DANGER,EMERGENCY,son,dungyen_20,
son_dungyen_20_DANGER.csv,2026-09-27T13:52:28.360,9.676,21.6,DANGER,EMERGENCY,son,dungyen_20,
son_dungyen_20_DANGER.csv,2026-09-27T13:52:28.526,9.842,21.6,DANGER,EMERGENCY,son,dungyen_20,
son_dungyen_20_DANGER.csv,2026-09-27T13:52:28.692,10.008,21.5,DANGER,EMERGENCY,son,dungyen_20,
son_dungyen_20_DANGER.csv,2026-09-27T13:52:28.859,10.174,21.6,DANGER,EMERGENCY,son,dungyen_20,
son_dungyen_20_DANGER.csv,2026-09-27T13:52:29.025,10.34,21.6,DANGER,EMERGENCY,son,dungyen_20,
son_dungyen_20_DANGER.csv,2026-09-27T13:52:29.190,10.506,22.9,DANGER,EMERGENCY,son,dungyen_20,
son_dungyen_20_DANGER.csv,2026-09-27T13:52:29.357,10.672,22.8,DANGER,EMERGENCY,son,dungyen_20,
son_dungyen_20_DANGER.csv,2026-09-27T13:52:29.523,10.838,21.6,DANGER,EMERGENCY,son,dungyen_20,
son_dungyen_20_DANGER.csv,2026-09-27T13:52:29.689,11.004,21.6,DANGER,EMERGENCY,son,dungyen_20,
son_dungyen_20_DANGER.csv,2026-09-27T13:52:29.855,11.17,21.6,DANGER,EMERGENCY,son,dungyen_20,
son_dungyen_20_DANGER.csv,2026-09-27T13:52:30.021,11.336,21.6,DANGER,EMERGENCY,son,dungyen_20,
son_dungyen_20_DANGER.csv,2026-09-27T13:52:30.187,11.502,21.5,DANGER,EMERGENCY,son,dungyen_20,
son_dungyen_20_DANGER.csv,2026-09-27T13:52:30.353,11.669,21.6,DANGER,EMERGENCY,son,dungyen_20,
son_dungyen_20_DANGER.csv,2026-09-27T13:52:30.519,11.835,21.6,DANGER,EMERGENCY,son,dungyen_20,
son_dungyen_20_DANGER.csv,2026-09-27T13:52:30.685,12.001,21.6,DANGER,EMERGENCY,son,dungyen_20,
son_dungyen_20_DANGER.csv,2026-09-27T13:52:30.851,12.167,21.6,DANGER,EMERGENCY,son,dungyen_20,
son_dungyen_20_DANGER.csv,2026-09-27T13:52:31.017,12.333,22.8,DANGER,EMERGENCY,son,dungyen_20,
son_dungyen_20_DANGER.csv,2026-09-27T13:52:31.183,12.499,22.8,DANGER,EMERGENCY,son,dungyen_20,
son_dungyen_20_DANGER.csv,2026-09-27T13:52:31.350,12.666,22.8,DANGER,EMERGENCY,son,dungyen_20,
son_dungyen_20_DANGER.csv,2026-09-27T13:52:31.516,12.832,21.2,DANGER,EMERGENCY,son,dungyen_20,
son_dungyen_20_DANGER.csv,2026-09-27T13:52:31.682,12.998,21.2,DANGER,EMERGENCY,son,dungyen_20,
son_dungyen_20_DANGER.csv,2026-09-27T13:52:31.848,13.164,22.5,DANGER,EMERGENCY,son,dungyen_20,
son_dungyen_20_DANGER.csv,2026-09-27T13:52:32.014,13.33,22.2,DANGER,EMERGENCY,son,dungyen_20,
son_dungyen_20_DANGER.csv,2026-09-27T13:52:32.180,13.496,22.2,DANGER,EMERGENCY,son,dungyen_20,
son_dungyen_20_DANGER.csv,2026-09-27T13:52:32.346,13.662,22.2,DANGER,EMERGENCY,son,dungyen_20,
son_dungyen_20_DANGER.csv,2026-09-27T13:52:32.512,13.828,22.2,DANGER,EMERGENCY,son,dungyen_20,
son_dungyen_20_DANGER.csv,2026-09-27T13:52:32.679,13.995,22.5,DANGER,EMERGENCY,son,dungyen_20,
son_dungyen_20_DANGER.csv,2026-09-27T13:52:32.845,14.161,22.5,DANGER,EMERGENCY,son,dungyen_20,
son_dungyen_20_DANGER.csv,2026-09-27T13:52:33.011,14.327,22.5,DANGER,EMERGENCY,son,dungyen_20,
son_dungyen_20_DANGER.csv,2026-09-27T13:52:33.177,14.492,22.5,DANGER,EMERGENCY,son,dungyen_20,
son_dungyen_20_DANGER.csv,2026-09-27T13:52:33.343,14.659,22.5,DANGER,EMERGENCY,son,dungyen_20,
son_dungyen_20_DANGER.csv,2026-09-27T13:52:33.509,14.824,22.5,DANGER,EMERGENCY,son,dungyen_20,
son_dungyen_20_DANGER.csv,2026-09-27T13:52:33.675,14.991,22.5,DANGER,EMERGENCY,son,dungyen_20,
son_dungyen_20_DANGER.csv,2026-09-27T13:52:33.841,15.157,21.2,DANGER,EMERGENCY,son,dungyen_20,
son_dungyen_20_DANGER.csv,2026-09-27T13:52:34.007,15.322,22.5,DANGER,EMERGENCY,son,dungyen_20,
son_dungyen_20_DANGER.csv,2026-09-27T13:52:34.173,15.489,22.5,DANGER,EMERGENCY,son,dungyen_20,
son_dungyen_20_DANGER.csv,2026-09-27T13:52:34.340,15.655,22.5,DANGER,EMERGENCY,son,dungyen_20,
son_dungyen_20_DANGER.csv,2026-09-27T13:52:34.506,15.821,22.5,DANGER,EMERGENCY,son,dungyen_20,
son_dungyen_20_DANGER.csv,2026-09-27T13:52:34.672,15.987,22.5,DANGER,EMERGENCY,son,dungyen_20,
son_dungyen_20_DANGER.csv,2026-09-27T13:52:34.838,16.153,22.5,DANGER,EMERGENCY,son,dungyen_20,
son_dungyen_20_DANGER.csv,2026-09-27T13:52:35.004,16.319,22.5,DANGER,EMERGENCY,son,dungyen_20,
son_dungyen_20_DANGER.csv,2026-09-27T13:52:35.170,16.485,22.5,DANGER,EMERGENCY,son,dungyen_20,
son_dungyen_20_DANGER.csv,2026-09-27T13:52:35.336,16.652,22.5,DANGER,EMERGENCY,son,dungyen_20,
son_dungyen_20_DANGER.csv,2026-09-27T13:52:35.502,16.818,23.4,DANGER,EMERGENCY,son,dungyen_20,
son_dungyen_20_DANGER.csv,2026-09-27T13:52:35.668,16.984,22.2,DANGER,EMERGENCY,son,dungyen_20,
son_dungyen_20_DANGER.csv,2026-09-27T13:52:35.834,17.15,22.2,DANGER,EMERGENCY,son,dungyen_20,
son_dungyen_20_DANGER.csv,2026-09-27T13:52:36.000,17.316,22.2,DANGER,EMERGENCY,son,dungyen_20,
son_dungyen_20_DANGER.csv,2026-09-27T13:52:36.166,17.482,22.2,DANGER,EMERGENCY,son,dungyen_20,
son_dungyen_20_DANGER.csv,2026-09-27T13:52:36.332,17.648,23.4,DANGER,EMERGENCY,son,dungyen_20,
son_dungyen_20_DANGER.csv,2026-09-27T13:52:37.511,18.827,23.4,DANGER,EMERGENCY,son,dungyen_20,
son_dungyen_20_DANGER.csv,2026-09-27T13:52:37.513,18.829,22.5,DANGER,EMERGENCY,son,dungyen_20,
son_dungyen_20_DANGER.csv,2026-09-27T13:52:37.516,18.832,22.5,DANGER,EMERGENCY,son,dungyen_20,
son_dungyen_20_DANGER.csv,2026-09-27T13:52:37.518,18.834,22.5,DANGER,EMERGENCY,son,dungyen_20,
son_dungyen_20_DANGER.csv,2026-09-27T13:52:37.520,18.836,22.5,DANGER,EMERGENCY,son,dungyen_20,
son_dungyen_20_DANGER.csv,2026-09-27T13:52:37.522,18.838,22.5,DANGER,EMERGENCY,son,dungyen_20,
son_dungyen_20_DANGER.csv,2026-09-27T13:52:37.660,18.975,23.4,DANGER,EMERGENCY,son,dungyen_20,
son_dungyen_20_DANGER.csv,2026-09-27T13:52:37.826,19.141,22.2,DANGER,EMERGENCY,son,dungyen_20,
son_dungyen_20_DANGER.csv,2026-09-27T13:52:37.992,19.307,21.9,DANGER,EMERGENCY,son,dungyen_20,
son_dungyen_20_DANGER.csv,2026-09-27T13:52:38.158,19.473,22.8,DANGER,EMERGENCY,son,dungyen_20,
son_dungyen_20_DANGER.csv,2026-09-27T13:52:38.324,19.64,22.9,DANGER,EMERGENCY,son,dungyen_20,
son_dungyen_20_DANGER.csv,2026-09-27T13:52:38.492,19.807,22.9,DANGER,EMERGENCY,son,dungyen_20,
